result_file, MAE, MAPE, Weighted_MAE
../../data/v1/result_data/result_5640ddab-1874-4e56-bbb0-ee9b14fa615c.json,56.77272727272727,50.88806561322691,110.67504078303426
../../data/v1/result_data/result_1447cae7-d3c5-4e16-b439-bd717a7626db.json,50.94949494949495,64.10479108896571,104.88702451739024
../../data/v1/result_data/result_aa0e52ef-e0b3-44ef-a10f-ea5b17559867.json,50.121212121212125,58.79969096455903,106.95080231326871
../../data/v1/result_data/result_7eede9cf-e064-47c0-a5a0-ed0d318f461e.json,48.91919191919192,60.64039044433254,104.1038527327523
../../data/v1/result_data/result_d12941f9-775b-46ad-85f4-22048f374389.json,37.56921432389097,74.2687532140634,58.821870175326076
