result_file, MAE, MAPE, Weighted_MAE, remarks
../data/result/result_7aa63dcf-66f6-4758-b290-5680318bfc29.json,28.336734693877553,42.86948750972378,48.53285893679364
../data/result/result_7aa63dcf-66f6-4758-b290-5680318bfc29.json,27.797752808988765,45.73723112677467,52.38147901399067, removed water
../data/result/result_bf71e825-bbae-4e17-a0f4-6d96783d6708.json,27.183673469387756,39.514864581807615,47.64315613227292
../data/result/result_bf71e825-bbae-4e17-a0f4-6d96783d6708.json,26.95505617977528,42.25064185717874,52.291672218520986, removed water
../data/result/result_44059e43-2ff8-4b88-82d4-007304749c70.json,27.79,42.25924791903017,47.44362594638838
../data/result/result_44059e43-2ff8-4b88-82d4-007304749c70.json,27.626373626373628,45.20632074917339,51.90793733005309, removed water
